id,name,price,image,category,pub_date
9,Sofa,1,images/sofa.png,sofa,2024-11-26 17:50:34
10,chair,60,images/product-1.png,chair,2024-11-26 18:23:55
11,sofa,90,images/sofa_I6F4GFp.png,sofa,2024-11-28 08:50:15
13,table,80,images/wood2-removebg-preview.png,table,2024-11-28 09:23:07
14,Home Centre Pine Wood Berry 3+2 Seater Sofa Set - New Beige   MRP:  4̶0̶0̶,200,images/s5.jpg,sofa,2024-12-02 16:48:36
15,chairs,1,images/s4.jpg,chair,2024-12-03 09:48:47
16,"MRP: 3̶9̶0̶0̶0̶  Home Centre Berry 3 Seater Sofa with Left Chaise - New Beige, Pine Wood",30000,images/s3.jpg,sofa,2024-12-04 07:44:53
17,"MRP: 3̶9̶0̶0̶0̶  Home Centre Berry 3 Seater Sofa with Left Chaise - New Beige, Pine Wood",4000,images/s2.jpg,sofa,2024-12-04 08:22:29
18,"MRP : 4̶0̶0̶0̶0̶ House of Quirk Universal Single Seater Polar Fleece 220 GSM Fabric Sofa Cover Flexible Stretch Sofa Slipcover (Cream, Single Seater)",35000,images/s2_jPpB8O8.jpg,sofa,2024-12-18 06:14:01
